date,nvda,rv_var_d
2026-07-06,195.5749969482422,0.0384799385529271
2026-07-07,196.92999267578125,0.0651849948882386
2026-07-08,204.1499938964844,0.2068497432117182
2026-07-09,202.72999572753903,0.1032376859070923
2026-07-10,210.9499969482422,0.142745607643053
2026-07-13,203.47999572753903,0.0373523465779365
2026-07-14,211.8000030517578,0.1487726995732166
2026-07-15,212.49000549316406,0.06780900414741317
2026-07-16,207.47000122070312,0.10119637577712552
2026-07-17,202.63999938964844,0.2621580959198984
2026-07-20,203.3699951171875,0.060089733984394884
2026-07-21,207.17999267578125,0.04617820133243386
2026-07-22,212.05990600585938,0.14720054000455754
2026-07-23,208.6999969482422,0.06418817614171833
2026-07-24,206.9600067138672,0.11655178074373826
2026-07-27,196.52000427246094,0.3350226615301025
2026-07-28,196.9499969482422,0.06107173496643267
2026-07-29,190.05999755859375,0.2132293033182376
2026-07-30,195.14999389648438,0.1310594195350146
2026-07-31,200.80999755859375,0.12467824332712849
2026-08-03,206.69000244140625,0.13638458362120012
2026-08-04,211.83999633789062,0.03459295277558595
2026-08-05,219.1999969482422,0.12464316819614031
2026-08-06,218.99000549316406,0.04339366449348908
2026-08-07,223.97999572753906,0.05434865810976046
2026-08-10,217.55999755859375,0.06544216374574294
2026-08-11,217.47999572753906,0.05027447598404163
2026-08-12,224.1300048828125,0.07827101345231233
2026-08-13,225.3699951171875,0.015994095302552178
2026-08-14,225.16000366210938,0.028327529665676972
2026-08-17,225.0500030517578,0.019328048384708408
2026-08-18,219.8000030517578,0.023083553838841704
2026-08-19,217.64999389648438,0.07599036866289464
2026-08-20,217.0500030517578,0.05321236551487397
2026-08-21,214.75,0.043882854470586125
2026-08-24,208.4600067138672,0.19238916599071304
2026-08-25,212.97999572753906,0.05507529573239796
2026-08-26,209.9499969482422,0.04322649737163854
2026-08-27,228.0500030517578,0.13122761350162512
2026-08-28,217.5399932861328,0.14691019688298532
2026-08-31,220.8800048828125,0.04333674624623539
2026-09-01,217.5399932861328,0.05343990673622524
2026-09-02,224.39999389648438,0.07758150448933224
2026-09-03,228.39999389648438,0.07182883396843169
2026-09-04,230.34500122070312,0.0765755070370853
2026-09-08,225.75,0.07415434190165777
2026-09-09,223.6999969482422,0.01936430377222356
2026-09-10,218.3800048828125,0.04221960207846523
2026-09-11,218.1999969482422,0.052440031128961576
2026-09-14,210.88999938964844,0.03878168837410419
2026-09-15,212.1699981689453,0.010402815851071136
2026-09-16,213.91000366210938,0.0393423832026268
2026-09-17,219.39999389648438,0.01600369560767738
2026-09-18,222.06500244140625,0.05103297230350052
2026-09-21,227.25,0.02553497398178881
2026-09-22,228.8300018310547,0.013633572414750984
2026-09-23,225.50999450683594,0.03230154887186597
2026-09-24,224.5399932861328,0.02436831035831918
2026-09-25,225.0800018310547,0.04960652556948285
2026-09-28,228.8800048828125,0.08208340262578087
2026-09-29,227.3000030517578,0.03558988060904177
2026-09-30,228.2899932861328,0.05618826531708066
2026-10-01,230.9600067138672,0.050701308360399155
2026-10-02,233.99000549316406,0.047870408346887716
2026-10-05,239.11000061035156,0.02704995878218303
2026-10-06,239.1699981689453,0.013742164391362442
